{
  "experiment_id": "004",
  "latency": {
    "stage1_ms": 38.92319203834274,
    "stage2_ms": 105.83991834425942
  },
  "metrics": {
    "overall": {
      "recall_at_10": 0.9116109302554997,
      "recall_at_50": 0.9116109302554997,
      "mrr": 0.8436132132639976,
      "ndcg_at_10": 0.8600764602275339,
      "recall_retention": 0.9116109302554997,
      "f1_best": 0.16709007241594417,
      "f1_threshold": 0.01
    },
    "per_bucket": {
      "pristine": {
        "recall_at_10": 0.9639932919009568
      },
      "typo_name": {
        "recall_at_10": 0.9550162770050311
      },
      "missing_firstname": {
        "recall_at_10": 0.9245338857650193
      },
      "swapped_attributes": {
        "recall_at_10": 0.9530433066982342
      },
      "missing_email_company": {
        "recall_at_10": 0.7101706619315379
      },
      "domain_mismatch": {
        "recall_at_10": 0.9629081582322186
      }
    }
  }
}